logradouro,bairro,localidade,cep,cidade,estado,letra,timestamp
"Alameda Abrantes","Condomínio Residencial Portugal II","Adamantina/SP","17808-650","Adamantina/SP","SP","A","2025-08-29T17:31:56.661Z"
"Alameda Alcides Zanandréa","Residencial Vista Verde II","Adamantina/SP","17803-442","Adamantina/SP","SP","A","2025-08-29T17:31:56.679Z"
"Alameda Aldo Cavichioli","Residencial Vista Verde","Adamantina/SP","17803-462","Adamantina/SP","SP","A","2025-08-29T17:31:56.679Z"
"Alameda Amarante","Condomínio Residencial Portugal II","Adamantina/SP","17808-642","Adamantina/SP","SP","A","2025-08-29T17:31:56.679Z"
"Alameda Antonio Buzzeto","Vila Cicma","Adamantina/SP","17803-124","Adamantina/SP","SP","A","2025-08-29T17:31:56.679Z"
"Alameda Antonio Buzzeto","Vila Olivero","Adamantina/SP","17803-136","Adamantina/SP","SP","A","2025-08-29T17:31:56.679Z"
"Alameda Armindo Silva","Vila Cicma","Adamantina/SP","17803-120","Adamantina/SP","SP","A","2025-08-29T17:31:56.679Z"
"Alameda Armindo Silva","Vila Olivero","Adamantina/SP","17803-132","Adamantina/SP","SP","A","2025-08-29T17:31:56.679Z"
"Alameda Aurora Mendes Cruz Del Valle","Residencial Siqueira II","Adamantina/SP","17803-002","Adamantina/SP","SP","A","2025-08-29T17:31:56.679Z"
"Alameda Aveiro","Condomínio Residencial Portugal II","Adamantina/SP","17808-634","Adamantina/SP","SP","A","2025-08-29T17:31:56.679Z"
"Alameda Barcelos","Condomínio Residencial Portugal II","Adamantina/SP","17808-652","Adamantina/SP","SP","A","2025-08-29T17:31:56.679Z"
"Alameda Belo Horizonte","Vila Jamil de Lima","Adamantina/SP","17805-406","Adamantina/SP","SP","A","2025-08-29T17:31:56.679Z"
"Alameda Braga","Condomínio Residencial Portugal","Adamantina/SP","17808-622","Adamantina/SP","SP","A","2025-08-29T17:31:56.679Z"
"Alameda Bragança","Condomínio Residencial Portugal","Adamantina/SP","17808-598","Adamantina/SP","SP","A","2025-08-29T17:31:56.679Z"
"Alameda Bráulio Molina Frias","Vila Cicma","Adamantina/SP","17803-112","Adamantina/SP","SP","A","2025-08-29T17:31:56.679Z"
"Alameda Cascais","Condomínio Residencial Portugal","Adamantina/SP","17808-626","Adamantina/SP","SP","A","2025-08-29T17:31:56.679Z"
"Alameda Chujiro Matsuda - lado par","Vila Endo","Adamantina/SP","17800-456","Adamantina/SP","SP","A","2025-08-29T17:31:56.679Z"
"Alameda Chujiro Matsuda - lado par","Vila Fátima","Adamantina/SP","17800-460","Adamantina/SP","SP","A","2025-08-29T17:31:56.679Z"
"Alameda Coimbra","Condomínio Residencial Portugal","Adamantina/SP","17808-610","Adamantina/SP","SP","A","2025-08-29T17:31:56.679Z"
"Alameda Cônego João Baptista de Aquino","Centro","Adamantina/SP","17800-021","Adamantina/SP","SP","A","2025-08-29T17:31:56.679Z"
"Alameda Cônego João Baptista de Aquino","Vila Joaquina","Adamantina/SP","17800-138","Adamantina/SP","SP","A","2025-08-29T17:31:56.679Z"
"Alameda Curitiba","Vila Jamil de Lima","Adamantina/SP","17805-412","Adamantina/SP","SP","A","2025-08-29T17:31:56.679Z"
"Alameda Curitiba - lado par","Conjunto Habitacional das Azaleias","Adamantina/SP","17805-432","Adamantina/SP","SP","A","2025-08-29T17:31:56.679Z"
"Alameda das Margaridas","Vila Jardim","Adamantina/SP","17805-334","Adamantina/SP","SP","A","2025-08-29T17:31:56.679Z"
"Alameda de Fátima","Condomínio Residencial Portugal","Adamantina/SP","17808-628","Adamantina/SP","SP","A","2025-08-29T17:31:56.679Z"
"Alameda do Porto","Condomínio Residencial Portugal","Adamantina/SP","17808-608","Adamantina/SP","SP","A","2025-08-29T17:31:56.679Z"
"Alameda Domingos Martins","Residencial Vista Verde","Adamantina/SP","17803-454","Adamantina/SP","SP","A","2025-08-29T17:31:56.679Z"
"Alameda Dona Maria Cândida Romanini","Centro","Adamantina/SP","17800-025","Adamantina/SP","SP","A","2025-08-29T17:31:56.679Z"
"Alameda Dona Maria Cândida Romanini","Vila Joaquina","Adamantina/SP","17800-142","Adamantina/SP","SP","A","2025-08-29T17:31:56.679Z"
"Alameda dos Expedicionários","Centro","Adamantina/SP","17800-019","Adamantina/SP","SP","A","2025-08-29T17:31:56.679Z"
"Alameda dos Expedicionários","Conjunto Habitacional Jardim das Acácias","Adamantina/SP","17808-414","Adamantina/SP","SP","A","2025-08-29T17:31:56.679Z"
"Alameda dos Expedicionários","Vila Joaquina","Adamantina/SP","17800-136","Adamantina/SP","SP","A","2025-08-29T17:31:56.680Z"
"Alameda Doutor Armando de Salles Oliveira","Centro","Adamantina/SP","17800-011","Adamantina/SP","SP","A","2025-08-29T17:31:56.680Z"
"Alameda Doutor Armando de Salles Oliveira","Vila Industrial","Adamantina/SP","17808-322","Adamantina/SP","SP","A","2025-08-29T17:31:56.680Z"
"Alameda Doutor Armando de Salles Oliveira","Vila Joaquina","Adamantina/SP","17800-130","Adamantina/SP","SP","A","2025-08-29T17:31:56.680Z"
"Alameda Doutor Armando de Salles Oliveira - lado par","Desmembramento San Conrado","Adamantina/SP","17800-112","Adamantina/SP","SP","A","2025-08-29T17:31:56.680Z"
"Alameda Estoril","Condomínio Residencial Portugal","Adamantina/SP","17808-602","Adamantina/SP","SP","A","2025-08-29T17:31:56.680Z"
"Alameda Évora","Condomínio Residencial Portugal","Adamantina/SP","17808-606","Adamantina/SP","SP","A","2025-08-29T17:31:56.680Z"
"Alameda Felgueiras","Condomínio Residencial Portugal","Adamantina/SP","17808-620","Adamantina/SP","SP","A","2025-08-29T17:31:56.680Z"
"Alameda Fernão Dias","Centro","Adamantina/SP","17800-005","Adamantina/SP","SP","A","2025-08-29T17:31:56.680Z"
"Alameda Fernão Dias","Vila Bandeirantes","Adamantina/SP","17800-074","Adamantina/SP","SP","A","2025-08-29T17:31:56.680Z"
"Alameda Fernão Dias","Vila Jardim Jurema","Adamantina/SP","17800-100","Adamantina/SP","SP","A","2025-08-29T17:31:56.680Z"
"Alameda Fernão Dias - lado ímpar","Vila Christina","Adamantina/SP","17800-082","Adamantina/SP","SP","A","2025-08-29T17:31:56.680Z"
"Alameda Figueira da Foz","Condomínio Residencial Portugal II","Adamantina/SP","17808-646","Adamantina/SP","SP","A","2025-08-29T17:31:56.680Z"
"Alameda Florianópolis","Vila Jamil de Lima","Adamantina/SP","17805-416","Adamantina/SP","SP","A","2025-08-29T17:31:56.680Z"
"Alameda Francisco José de Azevedo - lado ímpar","Parque Residencial Jaraguá","Adamantina/SP","17800-576","Adamantina/SP","SP","A","2025-08-29T17:31:56.680Z"
"Alameda Francisco José de Azevedo - lado par","Desmembramento Pioneiros","Adamantina/SP","17800-372","Adamantina/SP","SP","A","2025-08-29T17:31:56.680Z"
"Alameda Francisco José de Azevedo - lado par","Jardim América","Adamantina/SP","17800-350","Adamantina/SP","SP","A","2025-08-29T17:31:56.680Z"
"Alameda Francisco José de Azevedo - lado par","Parque Residencial Iguaçu","Adamantina/SP","17800-214","Adamantina/SP","SP","A","2025-08-29T17:31:56.680Z"
"Alameda Funchal","Condomínio Residencial Portugal","Adamantina/SP","17808-624","Adamantina/SP","SP","A","2025-08-29T17:31:56.680Z"
"Anel Viário José Mendonça de Almeida","Jardim Amaral","Adolfo/SP","15230-426","Adolfo/SP","SP","A","2025-08-29T17:32:08.424Z"
"Área Rural","Área Rural de Adolfo","Adolfo/SP","15239-899","Adolfo/SP","SP","A","2025-08-29T17:32:08.424Z"
"Avenida Antônio Pires dos Santos","Jardim Celeste","Adolfo/SP","15230-270","Adolfo/SP","SP","A","2025-08-29T17:32:08.424Z"
"Avenida Antônio Pires dos Santos","Jardim dos Laranjais","Adolfo/SP","15230-298","Adolfo/SP","SP","A","2025-08-29T17:32:08.424Z"
"Avenida Marginal Sebastião Fernandes","Residencial Anallinne III","Adolfo/SP","15232-316","Adolfo/SP","SP","A","2025-08-29T17:32:08.424Z"
"Avenida Marino Seloto","Jardim Amaral","Adolfo/SP","15230-404","Adolfo/SP","SP","A","2025-08-29T17:32:08.424Z"
"Avenida Octacilio Ruiz Maldonado","Jardim Amaral","Adolfo/SP","15230-400","Adolfo/SP","SP","A","2025-08-29T17:32:08.424Z"
"Avenida Octacilio Ruiz Maldonado","Jardim dos Laranjais","Adolfo/SP","15230-306","Adolfo/SP","SP","A","2025-08-29T17:32:08.424Z"
"Avenida Rafael Ferreira Forte","Jardim Primavera","Adolfo/SP","15232-112","Adolfo/SP","SP","A","2025-08-29T17:32:08.424Z"
"Avenida Rafael Ferreira Forti","Jardim das Oliveiras","Adolfo/SP","15232-056","Adolfo/SP","SP","A","2025-08-29T17:32:08.424Z"
"Avenida Rafael Ferreira Forti","Jardim Espanha","Adolfo/SP","15232-090","Adolfo/SP","SP","A","2025-08-29T17:32:08.424Z"
"Rua Abilio Luis Marcon","Jardim das Oliveiras","Adolfo/SP","15232-060","Adolfo/SP","SP","A","2025-08-29T17:32:08.424Z"
"Rua Adelia Vieira Castrilho Fernandes","Jardim dos Laranjais","Adolfo/SP","15230-304","Adolfo/SP","SP","A","2025-08-29T17:32:08.424Z"
"Rua Adelina Bagno de Carvalho","Residencial Anallinne III","Adolfo/SP","15232-308","Adolfo/SP","SP","A","2025-08-29T17:32:08.424Z"
"Rua Albino Bisaio","Jardim Espanha","Adolfo/SP","15232-096","Adolfo/SP","SP","A","2025-08-29T17:32:08.424Z"
"Rua Alvino Bernardo da Costa","Jardim Primavera","Adolfo/SP","15232-110","Adolfo/SP","SP","A","2025-08-29T17:32:08.424Z"
"Rua Alvino Bernardo da Costa","Residencial Tavares","Adolfo/SP","15232-100","Adolfo/SP","SP","A","2025-08-29T17:32:08.424Z"
"Rua Alvino Rodrigues Pereira","Residencial Anallinne III","Adolfo/SP","15232-312","Adolfo/SP","SP","A","2025-08-29T17:32:08.424Z"
"Rua Angelino Francisco Gobe","Jardim Espanha","Adolfo/SP","15232-088","Adolfo/SP","SP","A","2025-08-29T17:32:08.424Z"
"Rua Angelino Soldeira","Jardim Mantovan","Adolfo/SP","15230-262","Adolfo/SP","SP","A","2025-08-29T17:32:08.424Z"
"Rua Angelo Francisco Gobi","Jardim das Oliveiras","Adolfo/SP","15232-058","Adolfo/SP","SP","A","2025-08-29T17:32:08.424Z"
"Rua Angelo Gandini","Residencial Gandini","Adolfo/SP","15232-186","Adolfo/SP","SP","A","2025-08-29T17:32:08.424Z"
"Rua Antonia Maria Serafine","Jardim Mantovan","Adolfo/SP","15230-258","Adolfo/SP","SP","A","2025-08-29T17:32:08.424Z"
"Rua Antonio Aparecido Borges","Jardim das Oliveiras","Adolfo/SP","15232-072","Adolfo/SP","SP","A","2025-08-29T17:32:08.424Z"
"Rua Antonio Dias Chaves","Jardim das Oliveiras","Adolfo/SP","15232-050","Adolfo/SP","SP","A","2025-08-29T17:32:08.424Z"
"Rua Antonio Francischetti","Jardim Amaral","Adolfo/SP","15230-424","Adolfo/SP","SP","A","2025-08-29T17:32:08.424Z"
"Rua Aparecido Donizete Zanelato","Residencial Martinez","Adolfo/SP","15230-070","Adolfo/SP","SP","A","2025-08-29T17:32:08.424Z"
"Rua Benedito Batista Bitencout","Jardim das Oliveiras","Adolfo/SP","15232-052","Adolfo/SP","SP","A","2025-08-29T17:32:08.424Z"
"Rua Benedito da Silva Ribeiro","Residencial Martinez","Adolfo/SP","15230-060","Adolfo/SP","SP","A","2025-08-29T17:32:08.424Z"
"Rua Benedito Fernandes Siqueira","Residencial Gandini","Adolfo/SP","15232-182","Adolfo/SP","SP","A","2025-08-29T17:32:08.424Z"
"Rua Bruno Burato","Jardim Amaral","Adolfo/SP","15230-422","Adolfo/SP","SP","A","2025-08-29T17:32:08.424Z"
"Rua Caetano Morelli","Jardim Celeste","Adolfo/SP","15230-274","Adolfo/SP","SP","A","2025-08-29T17:32:08.424Z"
"Rua Caetano Morelli","Jardim Mantovan","Adolfo/SP","15230-256","Adolfo/SP","SP","A","2025-08-29T17:32:08.424Z"
"Rua Cassiano Bruno da Silveira","Residencial Anallinne III","Adolfo/SP","15232-306","Adolfo/SP","SP","A","2025-08-29T17:32:08.424Z"
"Rua Castro Alves","Centro","Adolfo/SP","15230-019","Adolfo/SP","SP","A","2025-08-29T17:32:08.424Z"
"Rua Castro Alves","Distrito Industrial","Adolfo/SP","15232-320","Adolfo/SP","SP","A","2025-08-29T17:32:08.424Z"
"Rua Castro Alves","Jardim Celeste","Adolfo/SP","15230-282","Adolfo/SP","SP","A","2025-08-29T17:32:08.424Z"
"Rua Castro Alves","Jardim Primavera","Adolfo/SP","15232-138","Adolfo/SP","SP","A","2025-08-29T17:32:08.424Z"
"Rua Castro Alves","Vila Celestino Tedeschi","Adolfo/SP","15232-140","Adolfo/SP","SP","A","2025-08-29T17:32:08.424Z"
"Rua Castro Alves, 984AC Adolfo","Centro","Adolfo/SP","15230-970","Adolfo/SP","SP","A","2025-08-29T17:32:08.424Z"
"Rua Castro Alves, 984 Clique e Retire CorreiosAC Adolfo Clique e Retire","Centro","Adolfo/SP","15230-959","Adolfo/SP","SP","A","2025-08-29T17:32:08.424Z"
"Rua Claudio Cesar Botacini","Distrito Industrial","Adolfo/SP","15232-326","Adolfo/SP","SP","A","2025-08-29T17:32:08.424Z"
"Rua Clóvis Bevilaqua","Centro","Adolfo/SP","15230-005","Adolfo/SP","SP","A","2025-08-29T17:32:08.424Z"
"Rua Clóvis Bevilaqua","Jardim Aldeia","Adolfo/SP","15230-040","Adolfo/SP","SP","A","2025-08-29T17:32:08.424Z"
"Rua Clóvis Bevilaqua","Jardim Amaral","Adolfo/SP","15230-410","Adolfo/SP","SP","A","2025-08-29T17:32:08.424Z"
"Rua das Camélias","Jardim Primavera","Adolfo/SP","15232-130","Adolfo/SP","SP","A","2025-08-29T17:32:08.424Z"
"Rua das Dálias","Jardim Primavera","Adolfo/SP","15232-124","Adolfo/SP","SP","A","2025-08-29T17:32:08.424Z"
"Rua das Flores","Jardim Primavera","Adolfo/SP","15232-120","Adolfo/SP","SP","A","2025-08-29T17:32:08.424Z"
"Rua das Tulipas","Jardim Primavera","Adolfo/SP","15232-118","Adolfo/SP","SP","A","2025-08-29T17:32:08.424Z"
"Rua Deraldina Soares de Oliveira","Residencial Martinez","Adolfo/SP","15230-066","Adolfo/SP","SP","A","2025-08-29T17:32:08.424Z"
"Alameda das Dálias","Cidade Alegria","Resende/RJ","27525-230","Agulhas Negras (Resende)/RJ","RJ","A","2025-08-29T17:32:40.037Z"
"Alameda do Mercado","Cidade Alegria","Resende/RJ","27525-220","Agulhas Negras (Resende)/RJ","RJ","A","2025-08-29T17:32:40.037Z"
"Alameda dos Jasmins","Cidade Alegria","Resende/RJ","27525-210","Agulhas Negras (Resende)/RJ","RJ","A","2025-08-29T17:32:40.037Z"
"Área Rural","Área Rural de Resende","Resende/RJ","27549-899","Agulhas Negras (Resende)/RJ","RJ","A","2025-08-29T17:32:40.037Z"
"Avenida A","Jardim Aliança II","Resende/RJ","27525-820","Agulhas Negras (Resende)/RJ","RJ","A","2025-08-29T17:32:40.037Z"
"Avenida A","Portal de Pirapitinga - Solaris","Resende/RJ","27540-480","Agulhas Negras (Resende)/RJ","RJ","A","2025-08-29T17:32:40.037Z"
"Avenida A","Residências do Vale","Resende/RJ","27521-625","Agulhas Negras (Resende)/RJ","RJ","A","2025-08-29T17:32:40.037Z"
"Avenida Adauto Emiliano Soares","Nova Resende","Resende/RJ","27521-750","Agulhas Negras (Resende)/RJ","RJ","A","2025-08-29T17:32:40.037Z"
"Avenida Albino de Almeida - lado ímpar","Campos Elíseos","Resende/RJ","27542-080","Agulhas Negras (Resende)/RJ","RJ","A","2025-08-29T17:32:40.037Z"
"Avenida Albino de Almeida - lado par","Campos Elíseos","Resende/RJ","27542-070","Agulhas Negras (Resende)/RJ","RJ","A","2025-08-29T17:32:40.037Z"
"Avenida Antônio Marins","Mirante das Agulhas","Resende/RJ","27524-510","Agulhas Negras (Resende)/RJ","RJ","A","2025-08-29T17:32:40.037Z"
"Avenida B","Jardim Aliança II","Resende/RJ","27525-822","Agulhas Negras (Resende)/RJ","RJ","A","2025-08-29T17:32:40.037Z"
"Avenida B","Residências do Vale","Resende/RJ","27521-627","Agulhas Negras (Resende)/RJ","RJ","A","2025-08-29T17:32:40.037Z"
"Avenida C","Jardim Aliança II","Resende/RJ","27525-824","Agulhas Negras (Resende)/RJ","RJ","A","2025-08-29T17:32:40.037Z"
"Avenida Central","Bela Vista","Resende/RJ","27524-700","Agulhas Negras (Resende)/RJ","RJ","A","2025-08-29T17:32:40.038Z"
"Avenida Contorno","Fazenda da Barra","Resende/RJ","27540-210","Agulhas Negras (Resende)/RJ","RJ","A","2025-08-29T17:32:40.038Z"
"Avenida D","Jardim Aliança II","Resende/RJ","27525-825","Agulhas Negras (Resende)/RJ","RJ","A","2025-08-29T17:32:40.038Z"
"Avenida das Amendoeiras Norte","Cidade Alegria","Resende/RJ","27525-310","Agulhas Negras (Resende)/RJ","RJ","A","2025-08-29T17:32:40.038Z"
"Avenida das Amendoeiras Sul","Cidade Alegria","Resende/RJ","27525-314","Agulhas Negras (Resende)/RJ","RJ","A","2025-08-29T17:32:40.038Z"
"Avenida das Mangueiras Norte","Cidade Alegria","Resende/RJ","27525-250","Agulhas Negras (Resende)/RJ","RJ","A","2025-08-29T17:32:40.038Z"
"Avenida das Mangueiras Sul","Cidade Alegria","Resende/RJ","27525-260","Agulhas Negras (Resende)/RJ","RJ","A","2025-08-29T17:32:40.038Z"
"Avenida das Palmeiras","Fazenda da Barra 2","Resende/RJ","27540-040","Agulhas Negras (Resende)/RJ","RJ","A","2025-08-29T17:32:40.038Z"
"Avenida do Canal","Fazenda da Barra","Resende/RJ","27540-090","Agulhas Negras (Resende)/RJ","RJ","A","2025-08-29T17:32:40.038Z"
"Avenida Dorival Marcondes Godoy - de 312 ao fim - lado par","Fazenda Castelo","Resende/RJ","27535-320","Agulhas Negras (Resende)/RJ","RJ","A","2025-08-29T17:32:40.038Z"
"Avenida Dorival Marcondes Godoy - lado ímpar","Fazenda Castelo","Resende/RJ","27535-321","Agulhas Negras (Resende)/RJ","RJ","A","2025-08-29T17:32:40.038Z"
"Avenida Doutor Gustavo Jardim","Centro","Resende/RJ","27511-360","Agulhas Negras (Resende)/RJ","RJ","A","2025-08-29T17:32:40.038Z"
"Avenida Doutor Omar Dibo Calixto Afrange","Pólo Industrial","Resende/RJ","27537-802","Agulhas Negras (Resende)/RJ","RJ","A","2025-08-29T17:32:40.038Z"
"Avenida Doutor Sebastião Moreira Neto","Nova Resende","Resende/RJ","27521-752","Agulhas Negras (Resende)/RJ","RJ","A","2025-08-29T17:32:40.038Z"
"Avenida Duque de Caxias - de 34 ao fim - lado par","Independência (Agulhas Negras)","Resende/RJ","27533-010","Agulhas Negras (Resende)/RJ","RJ","A","2025-08-29T17:32:40.038Z"
"Avenida E","Jardim Aliança II","Resende/RJ","27525-827","Agulhas Negras (Resende)/RJ","RJ","A","2025-08-29T17:32:40.038Z"
"Avenida Fausto Barbosa Diniz","Nova Resende","Resende/RJ","27521-754","Agulhas Negras (Resende)/RJ","RJ","A","2025-08-29T17:32:40.038Z"
"Avenida Francisco Fortes Filho","Jardim Aliança","Resende/RJ","27525-598","Agulhas Negras (Resende)/RJ","RJ","A","2025-08-29T17:32:40.038Z"
"Avenida Francisco Fortes Filho","Mirante de Serra","Resende/RJ","27521-620","Agulhas Negras (Resende)/RJ","RJ","A","2025-08-29T17:32:40.038Z"
"Avenida General Afonseca - até 1089 - lado ímpar","Manejo","Resende/RJ","27520-172","Agulhas Negras (Resende)/RJ","RJ","A","2025-08-29T17:32:40.038Z"
"Avenida General Afonseca - de 1091 ao fim - lado ímpar","Manejo","Resende/RJ","27520-174","Agulhas Negras (Resende)/RJ","RJ","A","2025-08-29T17:32:40.038Z"
"Avenida General Afonseca - de 1140 ao fim - lado par","Manejo","Resende/RJ","27520-175","Agulhas Negras (Resende)/RJ","RJ","A","2025-08-29T17:32:40.038Z"
"Avenida General Afonseca - de 2 a 1138 - lado par","Manejo","Resende/RJ","27520-173","Agulhas Negras (Resende)/RJ","RJ","A","2025-08-29T17:32:40.038Z"
"Avenida Governador Portela - até 1005 - lado ímpar","Vila Julieta","Resende/RJ","27520-251","Agulhas Negras (Resende)/RJ","RJ","A","2025-08-29T17:32:40.038Z"
"Avenida Governador Portela - de 2 a 660 - lado par","Vila Julieta","Resende/RJ","27520-252","Agulhas Negras (Resende)/RJ","RJ","A","2025-08-29T17:32:40.038Z"
"Avenida Gustavo Jardim","Barbosa Lima","Resende/RJ","27511-670","Agulhas Negras (Resende)/RJ","RJ","A","2025-08-29T17:32:40.038Z"
"Avenida Jefferson Geraldo Bruno","Paraíso","Resende/RJ","27536-015","Agulhas Negras (Resende)/RJ","RJ","A","2025-08-29T17:32:40.038Z"
"Avenida João Gomes Jardim","Nova Alegria","Resende/RJ","27525-366","Agulhas Negras (Resende)/RJ","RJ","A","2025-08-29T17:32:40.038Z"
"Avenida João VI","Guararapes","Resende/RJ","27533-130","Agulhas Negras (Resende)/RJ","RJ","A","2025-08-29T17:32:40.038Z"
"Avenida Juscelino Kubitschek de Oliveira","Fazenda da Barra 2","Resende/RJ","27540-250","Agulhas Negras (Resende)/RJ","RJ","A","2025-08-29T17:32:40.038Z"
"Avenida Manoel Menandro da Silva","Capelinha (Fumaça)","Resende/RJ","27550-100","Agulhas Negras (Resende)/RJ","RJ","A","2025-08-29T17:32:40.038Z"
"Avenida Mercílio Rodrigues","Vicentino","Resende/RJ","27513-298","Agulhas Negras (Resende)/RJ","RJ","A","2025-08-29T17:32:40.038Z"
"Avenida Nissan","Pólo Industrial","Resende/RJ","27537-800","Agulhas Negras (Resende)/RJ","RJ","A","2025-08-29T17:32:40.038Z"
"Avenida Nova Resende","Campos Elíseos","Resende/RJ","27542-130","Agulhas Negras (Resende)/RJ","RJ","A","2025-08-29T17:32:40.038Z"
"Avenida Prefeito Botafogo","Campos Elíseos","Resende/RJ","27542-000","Agulhas Negras (Resende)/RJ","RJ","A","2025-08-29T17:32:40.038Z"
"Avenida Presidente Kennedy - até 460 - lado par","Centro","Resende/RJ","27511-000","Agulhas Negras (Resende)/RJ","RJ","A","2025-08-29T17:32:40.038Z"
"Alameda Adolfo Iaggi","Jardim Ouro Preto","Nova Friburgo/RJ","28633-020","Amparo (Nova Friburgo)/RJ","RJ","A","2025-08-29T17:32:51.600Z"
"Alameda Barão de Cerro Largo","Parque São Clemente","Nova Friburgo/RJ","28625-230","Amparo (Nova Friburgo)/RJ","RJ","A","2025-08-29T17:32:51.600Z"
"Alameda Conde D'Eu","Parque São Clemente","Nova Friburgo/RJ","28625-250","Amparo (Nova Friburgo)/RJ","RJ","A","2025-08-29T17:32:51.600Z"
"Alameda da Saudade","Fazenda Bela Vista","Nova Friburgo/RJ","28617-045","Amparo (Nova Friburgo)/RJ","RJ","A","2025-08-29T17:32:51.600Z"
"Alameda das Acácias","Parque Dom João VI","Nova Friburgo/RJ","28616-040","Amparo (Nova Friburgo)/RJ","RJ","A","2025-08-29T17:32:51.600Z"
"Alameda das Nogueiras","Parque Dom João VI","Nova Friburgo/RJ","28616-065","Amparo (Nova Friburgo)/RJ","RJ","A","2025-08-29T17:32:51.600Z"
"Alameda das Pedras Negras","Parque Dom João VI","Nova Friburgo/RJ","28616-090","Amparo (Nova Friburgo)/RJ","RJ","A","2025-08-29T17:32:51.600Z"
"Alameda do Canal","Parque Dom João VI","Nova Friburgo/RJ","28616-030","Amparo (Nova Friburgo)/RJ","RJ","A","2025-08-29T17:32:51.600Z"
"Alameda do Coqueiro","Parque Dom João VI","Nova Friburgo/RJ","28616-050","Amparo (Nova Friburgo)/RJ","RJ","A","2025-08-29T17:32:51.600Z"
"Alameda do Lago","Parque Dom João VI","Nova Friburgo/RJ","28616-042","Amparo (Nova Friburgo)/RJ","RJ","A","2025-08-29T17:32:51.600Z"
"Alameda do Planalto","Parque Dom João VI","Nova Friburgo/RJ","28616-109","Amparo (Nova Friburgo)/RJ","RJ","A","2025-08-29T17:32:51.600Z"
"Alameda do Pomar","Parque Dom João VI","Nova Friburgo/RJ","28616-075","Amparo (Nova Friburgo)/RJ","RJ","A","2025-08-29T17:32:51.600Z"
"Alameda Dom Clemente José Carlos Isnard","Centro","Nova Friburgo/RJ","28610-322","Amparo (Nova Friburgo)/RJ","RJ","A","2025-08-29T17:32:51.600Z"
"Alameda dos Rodrigues","Campo do Coelho","Nova Friburgo/RJ","28630-645","Amparo (Nova Friburgo)/RJ","RJ","A","2025-08-29T17:32:51.600Z"
"Alameda dos Sanhandus","Parque Dom João VI","Nova Friburgo/RJ","28616-085","Amparo (Nova Friburgo)/RJ","RJ","A","2025-08-29T17:32:51.600Z"
"Alameda Eduardo Guinle","Centro","Nova Friburgo/RJ","28625-130","Amparo (Nova Friburgo)/RJ","RJ","A","2025-08-29T17:32:51.600Z"
"Alameda Kinota","Debossan","Nova Friburgo/RJ","28615-560","Amparo (Nova Friburgo)/RJ","RJ","A","2025-08-29T17:32:51.600Z"
"Alameda Marquês de Aguiar","Parque São Clemente","Nova Friburgo/RJ","28625-237","Amparo (Nova Friburgo)/RJ","RJ","A","2025-08-29T17:32:51.600Z"
"Alameda Marquês de Barbacena","Parque São Clemente","Nova Friburgo/RJ","28625-260","Amparo (Nova Friburgo)/RJ","RJ","A","2025-08-29T17:32:51.600Z"
"Alameda Marquês de Maricá","Parque São Clemente","Nova Friburgo/RJ","28625-190","Amparo (Nova Friburgo)/RJ","RJ","A","2025-08-29T17:32:51.600Z"
"Alameda Regente Feijó","Parque São Clemente","Nova Friburgo/RJ","28625-280","Amparo (Nova Friburgo)/RJ","RJ","A","2025-08-29T17:32:51.600Z"
"Alameda Salomão Salles","Jardim Ouro Preto","Nova Friburgo/RJ","28633-180","Amparo (Nova Friburgo)/RJ","RJ","A","2025-08-29T17:32:51.600Z"
"Alameda Visconde de Inhaúma","Parque São Clemente","Nova Friburgo/RJ","28625-200","Amparo (Nova Friburgo)/RJ","RJ","A","2025-08-29T17:32:51.600Z"
"Alameda Visconde de Ouro Preto","Parque São Clemente","Nova Friburgo/RJ","28625-220","Amparo (Nova Friburgo)/RJ","RJ","A","2025-08-29T17:32:51.600Z"
"Alameda Visconde de Taunay","Parque São Clemente","Nova Friburgo/RJ","28625-210","Amparo (Nova Friburgo)/RJ","RJ","A","2025-08-29T17:32:51.600Z"
"Área Rural","Área Rural de Nova Friburgo","Nova Friburgo/RJ","28636-899","Amparo (Nova Friburgo)/RJ","RJ","A","2025-08-29T17:32:51.600Z"
"Avenida Alberto Braune - lado ímpar","Centro","Nova Friburgo/RJ","28613-001","Amparo (Nova Friburgo)/RJ","RJ","A","2025-08-29T17:32:51.600Z"
"Avenida Alberto Braune - lado par","Centro","Nova Friburgo/RJ","28613-000","Amparo (Nova Friburgo)/RJ","RJ","A","2025-08-29T17:32:51.600Z"
"Avenida Alberto Santos Dumont","Centro","Nova Friburgo/RJ","28605-040","Amparo (Nova Friburgo)/RJ","RJ","A","2025-08-29T17:32:51.600Z"
"Avenida Alcino da Cunha Ferraz","Riograndina","Nova Friburgo/RJ","28634-438","Amparo (Nova Friburgo)/RJ","RJ","A","2025-08-29T17:32:51.600Z"
"Avenida Ana Barbosa Moreira","Parque Dom João VI","Nova Friburgo/RJ","28616-000","Amparo (Nova Friburgo)/RJ","RJ","A","2025-08-29T17:32:51.600Z"
"Avenida Antônio Mário de Azevedo","Campo do Coelho","Nova Friburgo/RJ","28630-590","Amparo (Nova Friburgo)/RJ","RJ","A","2025-08-29T17:32:51.600Z"
"Avenida Antônio Mário de Azevedo","Córrego D'Antas","Nova Friburgo/RJ","28630-310","Amparo (Nova Friburgo)/RJ","RJ","A","2025-08-29T17:32:51.600Z"
"Avenida Barão de Nova Friburgo","Olaria","Nova Friburgo/RJ","28623-060","Amparo (Nova Friburgo)/RJ","RJ","A","2025-08-29T17:32:51.600Z"
"Avenida Campesina Friburguense","Centro","Nova Friburgo/RJ","28613-120","Amparo (Nova Friburgo)/RJ","RJ","A","2025-08-29T17:32:51.600Z"
"Avenida Conselheiro Julius Arp","Centro","Nova Friburgo/RJ","28623-000","Amparo (Nova Friburgo)/RJ","RJ","A","2025-08-29T17:32:51.600Z"
"Avenida dos Ferroviários","Duas Pedras","Nova Friburgo/RJ","28633-010","Amparo (Nova Friburgo)/RJ","RJ","A","2025-08-29T17:32:51.600Z"
"Avenida Doutor Nicolau Noé","Nova Suíça","Nova Friburgo/RJ","28605-742","Amparo (Nova Friburgo)/RJ","RJ","A","2025-08-29T17:32:51.600Z"
"Avenida Emil Cleff","Ypu","Nova Friburgo/RJ","28613-230","Amparo (Nova Friburgo)/RJ","RJ","A","2025-08-29T17:32:51.600Z"
"Avenida Engenheiro Hans Gaiser","Centro","Nova Friburgo/RJ","28605-220","Amparo (Nova Friburgo)/RJ","RJ","A","2025-08-29T17:32:51.600Z"
"Avenida Eugênio Gaiser","Centro","Nova Friburgo/RJ","28605-272","Amparo (Nova Friburgo)/RJ","RJ","A","2025-08-29T17:32:51.600Z"
"Avenida Euterpe Friburguense","Centro","Nova Friburgo/RJ","28605-130","Amparo (Nova Friburgo)/RJ","RJ","A","2025-08-29T17:32:51.600Z"
"Avenida Governador Geremias de Mattos Fontes","Centro","Nova Friburgo/RJ","28613-140","Amparo (Nova Friburgo)/RJ","RJ","A","2025-08-29T17:32:51.600Z"
"Avenida Hamburgo","Mury","Nova Friburgo/RJ","28615-230","Amparo (Nova Friburgo)/RJ","RJ","A","2025-08-29T17:32:51.600Z"
"Avenida Itália","Centro","Nova Friburgo/RJ","28613-090","Amparo (Nova Friburgo)/RJ","RJ","A","2025-08-29T17:32:51.600Z"
"Avenida José Pires Barroso","Olaria","Nova Friburgo/RJ","28620-075","Amparo (Nova Friburgo)/RJ","RJ","A","2025-08-29T17:32:51.600Z"
"Avenida José Ruiz Bolea","Centro","Nova Friburgo/RJ","28605-000","Amparo (Nova Friburgo)/RJ","RJ","A","2025-08-29T17:32:51.600Z"
"Avenida Joviniano José Sanglard","Fazenda Bela Vista","Nova Friburgo/RJ","28617-010","Amparo (Nova Friburgo)/RJ","RJ","A","2025-08-29T17:32:51.600Z"
"Avenida Júlio Antônio Thurler","Olaria","Nova Friburgo/RJ","28620-000","Amparo (Nova Friburgo)/RJ","RJ","A","2025-08-29T17:32:51.600Z"
"Avenida Waldir Teixeira de Abreu","Nova Suíça","Nova Friburgo/RJ","28605-740","Amparo (Nova Friburgo)/RJ","RJ","A","2025-08-29T17:32:51.600Z"